FirstName;LastName;Gender;Phone;ZipCode;CompanyId
J*m;H?nry;Female;(350) 690-5745;88933;6
M%y;Ch%pm%n;Female;(281) 847-7999;74300;5
J?%n?tt?;F<x;Female;(289) 941-6906;74300;5
R>th;<l*v?r;Female;(474) 564-7888;74300;5
G?n?;H*gg*ns;Male;(714) 322-5700;74300;5
V*ct<r;Byrd;Male;(423) 627-9420;46500;4
W%rr?n;Br%dl?y;Female;(451) 537-2672;74300;5
H%nn%h;Bry%nt;Female;(287) 681-4424;39570;2
T*ll*?;Sch>ltz;Male;(963) 885-3911;61300;3
M*ldr?d;P*ttm%n;Female;(560) 333-3050;26378;1
%ng?l;Wr*ght;Male;(844) 960-4239;39570;2
R<s?tt%;N<rm%n;Male;(379) 870-9973;61300;3
?th%n;Kn*ght;Female;(785) 957-9742;39570;2
S%m>?l;L*nds?y;Male;(473) 978-7152;46500;4
T<m;W?st;Female;(910) 571-5518;39570;2
M%rg>?r*t?;Byrd;Male;(356) 746-3791;68600;3
M*ldr?d;J*m?n?z;Female;(311) 468-7746;61300;3
C<l?;Br<wn;Male;(483) 776-2139;61300;3
L%wr?nc?;G<nz%l?s;Female;(916) 515-9908;39570;2
L<*s;W?bb;Male;(969) 912-7478;68600;3
%bb*?;B>tl?r;Female;(561) 425-6354;68600;3
N<r%;St??l?;Female;(910) 492-2781;61300;3
M%r*%n;B?ck?r;Female;(865) 271-9505;61300;3
Cr%*g;McL%>ghl*n;Female;(839) 935-2275;68600;3
?>g?n*%;M%rt*n;Male;(489) 916-7102;39570;2
?>n*c?;C>mm*ngs;Male;(961) 478-6920;61300;3
Gr%c?;J?nn*ngs;Male;(259) 201-9225;61300;3
Dyl%n;R<dr*g>?z;Female;(275) 265-9096;74300;5
R*c%rd<;McBr*d?;Male;(712) 248-5519;46500;4
B%rry;M<r%n;Male;(240) 569-2897;74300;5
M*tch?ll;<sb<rn?;Female;(321) 238-6776;61300;3
M%bl?;N?wm%n;Female;(810) 746-9779;74300;5
B?rt*?;P?n%;Female;(822) 470-9871;26783;1
J?ff;Cr%*g;Female;(282) 274-1245;61300;3
%d?l*n?;D?nn*s;Female;(774) 414-9391;61300;3
H>nt?r;M%rsh%ll;Male;(544) 781-3034;81228;6
Tr<y;L>n%;Female;(819) 360-1445;61300;3
J?r?my;Ch%mb?rs;Male;(941) 420-7762;85843;6
N<rm%n;Sc<tt;Female;(817) 512-4761;28997;1
L>?ll%;W%ts<n;Male;(372) 286-5564;68600;3
R*cky;%tk*ns;Male;(506) 709-8839;61300;3
R%nd%ll;?ll*s;Female;(812) 534-8448;61300;3
R*ch%rd;Y<>ng;Male;(984) 958-2634;74300;5
L>c*ll?;?ll*s;Male;(587) 365-2411;39570;2
L>c*ll?;B>rns;Female;(430) 240-9545;74300;5
Bl%k?;M%xw?ll;Male;(754) 397-3378;24807;1
B%rb%r%;W%rr?n;Female;(335) 592-4690;68600;3
R?n%;Fr?nch;Female;(856) 773-5842;61300;3
G%ry;%bb<tt;Female;(836) 872-6530;46500;4
J<hn;%ll*s<n;Female;(632) 533-7596;86489;6
D%v*d;C<h?n;Male;(856) 590-2247;68600;3
Kyl?;N>n?z;Female;(981) 879-1056;74300;5
M%r*?;>nd?rw<<d;Female;(670) 781-9906;74300;5
R>by;W%sh*ngt<n;Male;(812) 244-7672;61300;3
%l?x%nd?r;Ph?lps;Male;(877) 263-2967;88407;6
G%br*?l;P?%rs<n;Male;(260) 666-2349;39570;2
J?r<m?;McK*nn?y;Female;(445) 552-1085;61300;3
L?n<r%;M%ld<n%d<;Female;(765) 219-7380;46500;4
S%ll*?;N?wt<n;Female;(783) 410-6370;74300;5
N*ch<l%s;S%>nd?rs;Male;(440) 791-8192;61300;3
J?r<m?;?ll*s;Female;(789) 721-1697;86580;6
%*d?n;Cl%yt<n;Male;(733) 714-6995;61300;3
M*tch?ll;D%n*?l;Male;(558) 449-7560;74300;5
?st?ll%;T<wns?nd;Female;(708) 596-8554;61300;3
St%nl?y;Cr>z;Female;(746) 217-5538;61300;3
C%rr*?;C%mpb?ll;Female;(639) 406-4494;87111;6
?r*k;B?ll;Female;(664) 466-5051;39570;2
R?n%;B%rt<n;Male;(979) 686-8371;23724;1
Ph<?b?;R<b*ns<n;Female;(631) 823-3484;27535;1
J>l*%;K?nn?dy;Female;(484) 538-3903;74300;5
L>c*ll?;St<k?s;Male;(975) 252-8777;39570;2
<w?n;B%rb?r;Male;(801) 573-6251;68600;3
?th?l;McG>*r?;Female;(979) 201-5797;68600;3
C%r<lyn;B>rt<n;Female;(907) 774-1364;61300;3
M%m*?;H<g%n;Female;(467) 453-8046;61300;3
L<>*s;McD<n%ld;Male;(227) 652-9036;46500;4
J<?;<w?ns;Female;(578) 609-1117;28140;1
M%th*ld%;?str%d%;Female;(460) 633-3655;39570;2
?ls*?;Br*dg?s;Female;(909) 551-2635;61300;3
J?s>s;P?t?rs;Female;(369) 497-2592;74300;5
%l?j%ndr<;B%t?s;Male;(312) 264-4296;61300;3
K?v*n;W<ng;Female;(666) 466-3562;81892;6
K%t?;%lv%r?z;Male;(634) 643-9084;61300;3
D>%n?;M<rr*s;Female;(640) 537-1341;74300;5
Fl<yd;H%rr*ngt<n;Female;(473) 721-8521;20203;1
S>s*?;B*sh<p;Male;(625) 413-1401;39570;2
T<dd;M>rphy;Male;(529) 307-4330;28987;1
T<ny;T>rn?r;Male;(820) 883-4721;74300;5
St?v?;R*v?r%;Male;(851) 308-3989;39570;2
M%r*%;H<w?ll;Female;(506) 706-6116;61300;3
D<r%;P%>l;Male;(942) 861-3164;61300;3
R*ch%rd;Br?w?r;Male;(460) 858-1909;88406;6
L>*s;Cr>z;Female;(880) 389-6323;39570;2
Tyl?r;W<<d;Female;(966) 846-4235;68600;3
M%r*<n;McL%>ghl*n;Male;(804) 645-5553;74300;5
Br>c?;McC<y;Female;(364) 497-1735;74300;5
L%wr?nc?;L<w?;Male;(726) 785-8506;74300;5
S?th;H%rp?r;Female;(939) 759-2682;68600;3
Fr%nc*sc<;H%mm<nd;Female;(978) 632-6984;68600;3
S%m;%tk*ns;Female;(881) 474-1281;46500;4
L?n<r%;P?rry;Female;(840) 643-6237;74300;5
J%m?s;Th<m%s;Male;(759) 393-4031;68600;3
L>c*ll?;>nd?rw<<d;Male;(313) 994-1217;39570;2
M*g>?l;Rh<d?s;Female;(814) 874-2585;39570;2
?r*c;B<yd;Female;(839) 978-2019;39570;2
R*ch%rd;B%ldw*n;Female;(629) 836-4352;61300;3
R%ndy;K*m;Male;(401) 300-3583;74300;5
M%r*<;B%*l?y;Female;(767) 924-2121;61300;3
L>c*l?;R<w?;Female;(759) 725-3188;68600;3
?rn?st;Byrd;Male;(387) 591-8130;26388;1
J%yd?n;T%t?;Female;(540) 921-2466;68600;3
Ch%rl*?;R<ss;Female;(523) 642-4620;74300;5
%nn?;H%ns<n;Female;(272) 704-4826;74300;5
Sc<tt;H<ffm%n;Male;(346) 638-7175;86765;6
Ry%n;B<yd;Male;(344) 363-3345;61300;3
R%nd%ll;N<rr*s;Male;(709) 818-4576;61300;3
W*n*fr?d;V%sq>?z;Male;(819) 825-8944;74300;5
J<rg?;Fl?m*ng;Female;(553) 661-3234;61300;3
Ir?n?;Ll<yd;Male;(630) 511-6252;68600;3
N?ll?;C%ldw?ll;Male;(318) 784-4114;46500;4
%nt<n*<;F<wl?r;Female;(816) 238-2093;61300;3
C%m?r<n;H*n?s;Female;(648) 604-7370;61300;3
R?b?cc%;J<n?s;Male;(436) 485-8401;87545;6
G<rd<n;R<w?;Female;(526) 670-3993;61300;3
V*rg*?;St?ph?ns;Male;(585) 825-3607;39570;2
%d?l*n?;R%m<s;Male;(456) 971-1273;23590;1
<ph?l*%;J?nn*ngs;Female;(627) 238-1632;68600;3
Th?<d<r?;P?n%;Male;(462) 922-9904;83657;6
Gr?g<ry;?r*cks<n;Male;(335) 957-7200;26042;1
<lg%;P%>l;Male;(763) 742-4906;80851;6
Ph<?b?;H<w%rd;Female;(702) 928-1860;68600;3
S>s*?;P%tt<n;Male;(538) 392-8637;46500;4
Tyl?r;M?d*n%;Male;(639) 260-2044;74300;5
St?ll%;C<ll*ns;Female;(939) 773-9367;61300;3
J*mmy;C%*n;Female;(861) 491-4827;86425;6
?>g?n?;D%n*?ls;Male;(772) 789-7081;74300;5
B?>l%h;S*mps<n;Female;(629) 390-4970;74300;5
M%rg>?r*t?;H%rr*ngt<n;Female;(461) 543-8090;61300;3
H?rm%n;F?rg>s<n;Female;(208) 209-8698;68600;3
R>ss?ll;M?y?r;Female;(443) 932-2231;74300;5
N<r%;R*l?y;Female;(475) 319-5736;46500;4
%l?x;Y<>ng;Female;(531) 588-6974;46500;4
?mm%;M%y;Female;(988) 786-5855;68600;3
J?ffr?y;Pr%tt;Male;(323) 570-5980;74300;5
Fr%nc*sc<;Br*ggs;Female;(884) 445-6340;61300;3
D?v*n;<br*?n;Female;(660) 205-8367;74300;5
St?ph?n;M%rt*n;Female;(863) 768-1168;81505;6
L?*l%;M*tch?ll;Male;(354) 731-3456;29664;1
Dyl%n;B?ns<n;Female;(224) 894-9421;74300;5
Iv%;<rt*z;Male;(826) 568-3036;61300;3
Fl<yd;C%rs<n;Female;(306) 267-7693;61300;3
L*ll*%n;W%rd;Female;(437) 700-9542;61300;3
R<x*?;S>ll*v%n;Female;(982) 831-1614;88172;6
T<ny;B?rry;Female;(654) 785-5033;74300;5
J?nn*?;R?yn<lds;Male;(427) 453-6527;61300;3
R>ss?ll;H>bb%rd;Male;(635) 248-2707;39570;2
G?r%ld;H%ll;Female;(672) 751-5060;61300;3
Tr<y;St?v?ns<n;Male;(279) 348-6272;61300;3
J<?l;Cl%yt<n;Female;(344) 524-6492;68600;3
?d*th;W%lt?rs;Male;(767) 507-8529;61300;3
S%r%h;J?nn*ngs;Male;(262) 946-4697;68600;3
J?rry;P%tt<n;Female;(542) 626-6315;46500;4
L<>*s?;R>ss?ll;Female;(400) 452-9540;68600;3
M%?;<br*?n;Male;(587) 455-3071;27382;1
H*ld%;Tyl?r;Male;(646) 623-2718;68600;3
J>l*%;D%n*?ls;Female;(569) 807-8574;21039;1
%d?l%*d?;L>n%;Male;(214) 504-5278;29536;1
J%y;>nd?rw<<d;Female;(535) 524-1219;74300;5
L<>*s;%lv%r?z;Male;(384) 923-9635;29281;1
D<r<thy;Sh%w;Female;(420) 531-5990;84026;6
V*nc?nt;W*s?;Female;(527) 312-7597;46500;4
Sylv*%;S*lv%;Male;(653) 776-4294;61300;3
%lt%;M<rr*s<n;Female;(612) 202-7626;89896;6
P?t?r;McC<y;Male;(612) 361-8656;61300;3
S>s%n;L??;Female;(646) 953-9622;46500;4
R<b?rt;C<h?n;Female;(719) 984-8911;68600;3
L*lly;R<dr*q>?z;Male;(850) 613-7753;74300;5
V?r%;M<r?n<;Female;(849) 426-6456;39570;2
?ll%;P<w?ll;Female;(783) 368-6459;61300;3
Br%nd<n;S%nch?z;Female;(742) 230-7294;24665;1
C%rl;C<<p?r;Male;(445) 398-1756;39570;2
M%bl?;P%rk?r;Female;(735) 765-8654;46500;4
N%ncy;N<rt<n;Male;(215) 709-3695;74300;5
M*lt<n;R<b?rts;Female;(556) 892-1516;61300;3
C<r%;L>c%s;Male;(264) 456-2007;61300;3
J?%n;P?r?z;Female;(271) 889-4874;61300;3
J?r?my;C%*n;Male;(826) 570-7896;74300;5
N?ll;C<l<n;Male;(781) 826-7685;74300;5
B?rt*?;R<ss;Female;(586) 995-7016;61300;3
%lfr?d;Fl<r?s;Female;(316) 833-9855;68600;3
G%ry;G%rz%;Female;(309) 596-1980;74300;5
Br%nd<n;B>tl?r;Male;(534) 651-5378;61300;3
%l%n;R%m*r?z;Male;(204) 484-6814;61300;3
%lv*n;N<rm%n;Male;(947) 559-7146;61300;3
J>l*%n;?ll*s;Female;(540) 919-3928;61300;3
C%lv*n;W<lf?;Female;(375) 471-8041;46500;4
?dw*n;W%lt?rs;Female;(647) 834-8797;39570;2
H?nr*?tt%;H%rdy;Female;(642) 577-6444;74300;5
%lv*n;F*tzg?r%ld;Male;(909) 551-4407;27278;1
T<ny;M?nd<z%;Female;(546) 676-8485;84036;6
C?l*%;H>gh?s;Female;(585) 878-9184;46500;4
Fr?d?r*ck;R*ch%rds<n;Female;(223) 859-5197;28807;1
L*lly;M>rphy;Male;(437) 534-3487;74300;5
N%nn*?;V?g%;Female;(716) 433-1721;74300;5
Cl%r?nc?;N?ls<n;Female;(333) 259-7202;74300;5
G?rtr>d?;M>rphy;Male;(867) 691-8361;68600;3
D<ll*?;Tyl?r;Female;(248) 305-9043;61300;3
In%;F<st?r;Female;(988) 443-6277;61300;3
J?ss*?;H?nd?rs<n;Male;(915) 893-2255;61300;3
R<x*?;N?%l;Male;(517) 845-3378;61300;3
H*ld%;Rh<d?s;Male;(372) 812-7569;46500;4
Dyl%n;M>n<z;Female;(953) 454-7901;61300;3
M%rc>s;Fl<w?rs;Female;(634) 269-6960;46500;4
J%m?s;L<p?z;Female;(446) 985-1196;68600;3
M%r*<;R??d;Female;(900) 396-5614;74300;5
Tr%v*s;C>mm*ngs;Male;(684) 920-3168;46500;4
W*ll*?;?dw%rds;Female;(583) 337-6693;61300;3
L<g%n;P<<l?;Female;(344) 736-4430;28043;1
L*nn*?;D<>gl%s;Male;(416) 318-3136;61300;3
L>l>;F*g>?r<%;Male;(755) 547-5624;68600;3
B?rn*c?;F%rm?r;Female;(909) 329-7520;46500;4
C<r%;%l?x%nd?r;Male;(557) 353-1400;24790;1
%lb?rt%;Q>*nn;Female;(973) 481-3177;61300;3
M%rc;S>tt<n;Female;(925) 365-3535;61300;3
C%l?b;M%rt*n?z;Male;(403) 714-7592;61300;3
H>nt?r;R<b?rs<n;Female;(672) 661-5186;74300;5
M*tt*?;M%xw?ll;Female;(448) 447-7356;74300;5
Ch%d;Str*ckl%nd;Female;(546) 625-9867;74300;5
%lb?rt;S%nt*%g<;Female;(315) 911-1681;46500;4
J%m?s;B%rt<n;Female;(655) 561-4197;87280;6
%d%m;L<p?z;Female;(820) 538-6510;27103;1
L*ll*%n;Ll<yd;Female;(769) 206-2355;61300;3
%nt<n*<;H%m*lt<n;Female;(863) 947-1432;74300;5
M%r*<n;Cl%rk;Male;(604) 528-7904;74300;5
M%rv*n;<l*v?r;Male;(576) 556-4720;61300;3
R*cky;P%lm?r;Female;(945) 705-6548;74300;5
M*ldr?d;P*?rc?;Male;(742) 962-1505;74300;5
J<s?ph*n?;Gr*ff*th;Male;(927) 805-6546;46500;4
Gl?nn;W%ll%c?;Female;(862) 345-5023;61300;3
T<mmy;<w?n;Female;(638) 344-7666;74300;5
M*n?rv%;Rh<d?s;Male;(408) 845-5584;61300;3
K%thryn;B<w?n;Male;(316) 677-8262;61300;3
J<s?ph*n?;D<>gl%s;Female;(665) 315-5048;39570;2
B?tt*?;D<>gl%s;Female;(682) 517-1017;74300;5
L?n%;McL%>ghl*n;Female;(364) 667-5073;74300;5
M*nn*?;Ch%ndl?r;Male;(563) 848-6711;74300;5
J%c<b;Bl%*r;Male;(533) 634-3691;68600;3
R%y;H%m*lt<n;Male;(500) 974-8824;46500;4
Z%ch%ry;M>rr%y;Female;(880) 212-4123;46500;4
B<bby;M%nn*ng;Female;(440) 654-9296;82007;6
L>c*l?;C%str<;Male;(819) 325-4095;83045;6
R<s?;L<w?;Male;(317) 593-1440;74300;5
Ph*l*p;?r*cks<n;Male;(730) 610-8826;39570;2
Is%b?l;Bl%ck;Female;(853) 249-7933;61300;3
K%th%r*n?;T?rry;Female;(810) 587-3812;61300;3
J?r<m?;M*ll?r;Female;(422) 635-9139;74300;5
L*lly;S%nd?rs;Male;(859) 644-1884;46500;4
J?%n;Ph?lps;Female;(233) 875-1182;39570;2
N%th%n*?l;H<ll%nd;Male;(986) 930-8555;74300;5
T*ll*?;W?st;Female;(974) 576-9349;68600;3
?ls*?;St?v?ns;Male;(603) 563-4894;68600;3
J?nn*?;B<wm%n;Female;(577) 685-7234;83303;6
?tt%;L<p?z;Male;(825) 486-4593;61300;3
%ll?n;T<dd;Male;(559) 630-2770;74300;5
M%b?l;Th<m%s;Male;(918) 470-6321;61300;3
Cynth*%;R<dg?rs;Female;(787) 301-2266;39570;2
L<>*s%;L?w*s;Female;(467) 414-5677;61300;3
V*rg*n*%;L<ng;Male;(254) 455-4480;46500;4
Myrtl?;W?st;Male;(781) 965-6092;61300;3
L*zz*?;N?ls<n;Female;(745) 847-4436;74300;5
B%rry;Schm*dt;Male;(565) 736-9181;61300;3
T<ny;R<w?;Male;(480) 354-7602;39570;2
?>g?n?;H%mpt<n;Female;(552) 249-4374;61300;3
?>g?n?;G<<dm%n;Female;(268) 365-7051;74300;5
B*rd*?;?dw%rds;Female;(406) 718-2566;61300;3
G?<rg?;B>rk?;Male;(808) 272-1207;74300;5
Is%b?ll%;H<lm?s;Female;(515) 964-6297;74300;5
In%;M%rsh%ll;Male;(959) 341-1632;61300;3
W*ll*%m;T<rr?s;Male;(858) 953-6596;61300;3
R?b?cc%;H<dg?s;Male;(872) 761-2677;74300;5
N%th%n*?l;B%rt<n;Female;(341) 715-8441;74300;5
M%>d;P<w?ll;Female;(360) 914-6017;24416;1
%ndr?w;%ll*s<n;Male;(306) 696-9473;74300;5
J%m?s;C%rt?r;Female;(800) 936-5419;68600;3
C<rn?l*%;L<p?z;Male;(910) 980-1845;74300;5
L>k?;R>*z;Male;(544) 870-1586;46500;4
H>nt?r;Lynch;Female;(633) 792-9279;61300;3
M%rg%r?t;B*sh<p;Female;(239) 542-3408;61300;3
N%th%n;G?<rg?;Female;(404) 259-4793;81481;6
N%th%n*?l;B%*l?y;Female;(522) 317-1840;74300;5
L>c*l?;H>ff;Male;(501) 245-9444;86551;6
C?l*%;S*m<n;Male;(836) 566-4779;74300;5
J<s?ph;M<r?n<;Female;(852) 203-6289;74300;5
M*tch?ll;N?wt<n;Male;(405) 334-4731;61300;3
J%ck;W%rd;Female;(854) 329-4584;20421;1
<r%;M?y?r;Female;(257) 807-4241;61300;3
J?ff?ry;C%mpb?ll;Male;(307) 331-2599;86705;6
%lb?rt;B>rns;Female;(834) 590-2781;39570;2
R<s%l*?;R<ss;Female;(973) 455-7836;74300;5
%ndr?w;J?nk*ns;Male;(619) 324-1812;61300;3
Iv%n;H%ll;Female;(534) 862-8946;61300;3
D?v*n;%lv%r%d<;Male;(747) 900-5772;46500;4
M%rth%;McL%>ghl*n;Male;(489) 572-8152;68600;3
%l?j%ndr<;L<v?;Female;(457) 344-7400;74300;5
Cl*ff<rd;H*cks;Female;(615) 754-7895;28965;1
%nn*?;F<st?r;Male;(934) 842-9853;74300;5
?d*th;C<ll*?r;Male;(479) 242-7130;29023;1
V?rn<n;B<w?n;Female;(566) 888-7601;61300;3
J>st*n;T%yl<r;Female;(329) 611-2716;61300;3
J?r?m*%h;M>n<z;Female;(365) 809-1766;39570;2
<l%;P%rs<ns;Male;(467) 565-8009;74300;5
%ll?n;H%ns<n;Female;(215) 822-2720;74300;5
%ndr?;Schn?*d?r;Male;(206) 442-2016;46500;4
?lv%;H>nt?r;Male;(418) 789-9255;24451;1
R<x*?;D*%z;Male;(586) 475-8818;61300;3
R*cky;W%rr?n;Male;(208) 569-6676;85414;6
Br%dl?y;N>n?z;Female;(504) 402-5332;61300;3
Z%ch%ry;Gr%y;Male;(653) 663-5705;61300;3
%d?l*n?;S*m<n;Male;(269) 571-8770;74300;5
L<>*s?;M<<dy;Female;(727) 475-8651;61300;3
K%th%r*n?;W?bb;Female;(787) 650-3677;28871;1
B?rn%rd;Ch%v?z;Female;(276) 667-7901;74300;5
?mm%;M>n<z;Male;(322) 521-3497;85634;6
C?l*%;D?nn*s;Male;(729) 760-2841;61300;3
Gr?g<ry;L<v?;Female;(923) 869-2745;61300;3
%lb?rt%;Schn?*d?r;Female;(562) 313-9435;20153;1
L?<n;Gr??n?;Male;(719) 414-7831;61300;3
?ln<r%;C%*n;Male;(948) 676-7469;61300;3
Tr?v<r;P%rk?r;Female;(780) 790-2549;68600;3
L>?ll%;G<<dm%n;Male;(643) 354-5429;82429;6
J<s?;N>n?z;Male;(452) 347-7636;74300;5
M%b?l;H>ds<n;Female;(663) 894-2708;74300;5
H?st?r;H>nt;Female;(941) 743-3592;61300;3
%ll?n;D?%n;Female;(221) 739-6898;74300;5
R<nn*?;W%lt?rs;Female;(223) 217-3290;61300;3
S>s%n;W<<ds;Male;(461) 526-6739;68600;3
S%d*?;P%d*ll%;Female;(984) 256-4544;61300;3
D<n;M<ss;Female;(915) 564-1970;61300;3
?lm?r;T<wns?nd;Female;(855) 429-7307;74300;5
G%v*n;R<b*ns<n;Male;(241) 753-5515;68600;3
V*nc?nt;H%rm<n;Male;(785) 692-7855;46500;4
Is%b?ll?;G%rr?tt;Female;(548) 234-3817;74300;5
Clyd?;D?%n;Male;(767) 784-5355;61300;3
S%r%h;Y<>ng;Female;(837) 398-3180;28501;1
L>c*l?;M>ll*ns;Female;(318) 925-9483;26497;1
P?t?r;G*bs<n;Male;(878) 609-7036;74300;5
S<ph*%;Chr*st?ns?n;Male;(755) 634-1953;46500;4
M*n?rv%;St??l?;Male;(545) 526-8877;25209;1
M*ch?%l;L>n%;Male;(709) 207-7483;39570;2
Ll<yd;B?nn?tt;Female;(256) 205-1753;68600;3
M%b?l;M*lls;Female;(221) 872-1737;23241;1
?st?ll%;R<b?rs<n;Male;(882) 730-1642;74300;5
<sc%r;W%lsh;Male;(358) 246-7978;39570;2
Tr%v*s;C%s?y;Male;(645) 674-1910;21061;1
K%thryn;T?rry;Male;(320) 794-2932;88403;6
D%rr?ll;S%nt*%g<;Male;(382) 945-4685;61300;3
C<r%;Bry%nt;Female;(754) 993-7813;74300;5
J%r?d;Schw%rtz;Female;(335) 211-7177;74300;5
%nth<ny;<w?n;Female;(522) 696-1701;39570;2
J>%n;N%sh;Male;(815) 644-5173;29873;1
T<mmy;B>rt<n;Female;(472) 606-6433;74300;5
G%v*n;W%tts;Female;(221) 707-3891;61300;3
D>%n?;C>mm*ngs;Female;(578) 659-2512;39570;2
L%nd<n;P%rk;Male;(823) 781-4492;61300;3
H%ll*?;H>nt;Female;(545) 513-3861;68600;3
Cr%*g;Ng>y?n;Male;(630) 421-1559;74300;5
Rh<d%;S>mm?rs;Female;(658) 565-9856;28795;1
Ph*l*p;C<<k;Female;(710) 224-7437;61300;3
?dn%;Gr%v?s;Male;(608) 748-3561;74300;5
V*<l?t;H*ll;Female;(905) 805-8930;61300;3
S%d*?;R*<s;Male;(387) 288-4712;23225;1
V*rg*?;P%tt<n;Female;(268) 935-7240;74300;5
M%rv*n;W%rn?r;Male;(549) 419-6387;74300;5
M%tth?w;D%v*ds<n;Male;(739) 503-9187;74300;5
%lv*n;D*%z;Male;(273) 858-6737;74300;5
?th?l;F?rg>s<n;Female;(507) 218-7263;85693;6
L%wr?nc?;W?st;Male;(359) 555-1858;46500;4
H%rr*?t;Bry%nt;Female;(770) 657-1058;61300;3
C<nn<r;Y%t?s;Female;(773) 685-8382;85246;6
M%bl?;Sc<tt;Male;(527) 644-8567;61300;3
P%>l;J<n?s;Female;(440) 505-7740;61300;3
L?n%;B%rr?tt;Male;(442) 512-3481;29283;1
Fr%nc*s;P<rt?r;Female;(286) 834-1382;39570;2
M%dg?;McC%rthy;Male;(532) 600-9516;46500;4
L>c%s;H?nry;Male;(542) 626-7003;39570;2
M*tt*?;M%nn*ng;Male;(670) 639-5897;39570;2
M%b?l;R*l?y;Male;(472) 512-3848;61300;3
R<x*?;J?ns?n;Female;(477) 705-6968;46500;4
V*nc?nt;C%nn<n;Male;(672) 470-3240;74300;5
?%rl;M%th*s;Female;(450) 856-3859;46500;4
G%v*n;P%rs<ns;Female;(725) 836-8063;82448;6
Gl?nn;D%ws<n;Female;(315) 651-7649;74300;5
%d%;Sh?lt<n;Female;(318) 255-4109;61300;3
St?ph?n;H*gg*ns;Female;(849) 680-2144;46500;4
T<ny;W<<d;Male;(812) 276-3245;74300;5
M*ldr?d;T%yl<r;Male;(336) 459-2417;74300;5
L>c*ll?;H*ll;Male;(203) 247-8336;39570;2
B*rd*?;H>ds<n;Male;(569) 288-7534;46500;4
W%rr?n;F<wl?r;Female;(611) 673-3988;74300;5
<w?n;R?yn<lds;Female;(704) 230-1013;84324;6
L?<n;F?rg>s<n;Female;(936) 923-2586;61300;3
R%nd%ll;Th<rnt<n;Female;(549) 749-7636;82468;6
J?s>s;L<p?z;Male;(270) 820-6357;74300;5
%d%m;McG??;Female;(822) 386-5862;23051;1
J<?l;M?d*n%;Female;(758) 222-4271;46500;4
T<mmy;Cr%*g;Male;(909) 521-3876;20238;1
%m?l*%;<br*?n;Male;(954) 964-4023;68600;3
M%dg?;N?%l;Male;(446) 707-7406;74300;5
L*zz*?;J<s?ph;Female;(242) 872-3217;61300;3
G?n?v*?v?;P<w?ll;Male;(383) 350-6010;46500;4
C%m?r<n;M?nd<z%;Female;(279) 318-4489;39570;2
?lv%;C%*n;Male;(582) 787-5905;61300;3
?lm?r;R<w?;Female;(729) 352-8368;22338;1
<ph?l*%;F*sh?r;Male;(619) 763-1164;74300;5
B?ss;B%ss;Female;(463) 377-5543;29394;1
<l*v*%;M<r?n<;Male;(961) 359-4061;68600;3
M%n>?l;C>mm*ngs;Male;(484) 978-3581;68600;3
R<s%l*?;W*ll*%ms<n;Male;(285) 257-7829;39570;2
R%ym<nd;C<l?;Female;(800) 360-2848;39570;2
H<w%rd;N?ls<n;Female;(860) 253-7643;61300;3
?ln<r%;C%mpb?ll;Male;(811) 686-3239;28940;1
J<rd%n;J<n?s;Female;(381) 905-5299;68600;3
T<dd;W?b?r;Male;(855) 212-2610;74300;5
D<r<thy;F*?lds;Male;(469) 504-9244;74300;5
H%rry;F*tzg?r%ld;Male;(735) 880-2403;61300;3
S?%n;D>nn;Male;(835) 718-2893;61300;3
R%ym<nd;B%rn?tt;Female;(327) 998-2037;46500;4
M%b?ll?;G<<dw*n;Female;(543) 662-4738;74300;5
J<h%nn%;McL%>ghl*n;Female;(903) 879-8829;74300;5
S<ph*?;D*x<n;Female;(432) 888-6931;74300;5
H<w%rd;?ll*s;Female;(864) 407-7287;39570;2
S?%n;J<n?s;Male;(640) 866-7192;61300;3
Br*%n;Fr%nc*s;Male;(784) 846-8835;74300;5
C%rr*?;S%nd<v%l;Female;(758) 810-8293;46500;4
L?<;T?rry;Female;(935) 814-3928;46500;4
Bry%n;Gr<ss;Female;(576) 275-9023;46500;4
L?<n%rd;C%*n;Female;(979) 282-5301;74300;5
M%>r*c?;H%rm<n;Female;(926) 342-2943;61300;3
S>s%n;C>rt*s;Male;(316) 778-3600;39570;2
C<l?;St?ph?ns;Female;(853) 836-7358;24183;1
H%rr*?t;>nd?rw<<d;Male;(837) 915-8301;46500;4
Clyd?;Th<rnt<n;Male;(436) 946-7200;61300;3
S?%n;Q>*nn;Male;(609) 448-3520;39570;2
C?c*l*%;H>ds<n;Male;(978) 301-1431;68600;3
Fl<r%;Str*ckl%nd;Male;(629) 578-7097;26630;1
?dn%;R?yn<lds;Female;(512) 844-8832;87581;6
H?tt*?;Fl<r?s;Male;(869) 207-4942;27369;1
Cl*ff<rd;%nd?rs<n;Male;(639) 938-9238;61300;3
%nn?;D*%z;Male;(384) 596-5984;74300;5
J*mmy;Sch>ltz;Female;(316) 752-1032;61300;3
M%>d?;J%m?s;Female;(334) 396-4104;74300;5
<l*v*%;N%sh;Female;(213) 853-7026;46500;4
L%wr?nc?;G%rdn?r;Female;(736) 682-8132;74300;5
M*ldr?d;G*lb?rt;Male;(627) 862-4133;74300;5
D?v*n;St?v?ns;Female;(903) 874-6528;68600;3
?%rl;N*ch<ls;Female;(681) 526-9253;24447;1
C>rt*s;W?lls;Male;(450) 568-5348;61300;3
St?ph?n;J?ff?rs<n;Male;(909) 937-2548;74300;5
J?ss*?;St<n?;Female;(741) 988-2823;61300;3
C<nn<r;J%m?s;Female;(672) 703-2366;61300;3
T<mmy;S%>nd?rs;Male;(266) 473-3212;61300;3
W*nn*?;L%mb?rt;Female;(475) 773-1800;39570;2
M%rc;H>ff;Male;(688) 963-6399;46500;4
J>st*n;Gr??r;Male;(257) 391-1713;46500;4
G?<rg*%;G<nz%l?s;Female;(209) 985-5632;39570;2
L?l*%;F>ll?r;Female;(987) 801-6675;61300;3
C<rn?l*%;Fl?m*ng;Male;(736) 343-7046;61300;3
%my;McC<y;Male;(673) 413-3780;82719;6
D<>gl%s;P?t?rs<n;Male;(728) 941-5743;74300;5
%d%;Th<rnt<n;Female;(631) 324-6438;61300;3
L>c*l?;Fl?m*ng;Female;(976) 326-4341;68600;3
P%tr*ck;R>*z;Male;(753) 299-1671;74300;5
L>c*ll?;C>nn*ngh%m;Female;(220) 381-5664;74300;5
L<>*s?;W%lk?r;Male;(910) 638-9140;89537;6
W*ll*?;K*ng;Female;(720) 714-2954;68600;3
Ph<?b?;Dr%k?;Female;(358) 951-2873;61300;3
R<x*?;McC<y;Male;(815) 414-7093;61300;3
R<dn?y;G>zm%n;Male;(326) 942-9751;61300;3
Sylv*%;B?ck;Female;(269) 438-7406;61300;3
?dd*?;?v%ns;Female;(240) 250-8299;61300;3
?>g?n?;N?wt<n;Female;(745) 356-3152;39570;2
?st?ll?;Y%t?s;Male;(889) 340-6742;68600;3
H%tt*?;V?g%;Female;(482) 941-3930;87147;6
R<nn*?;R>ss?ll;Male;(316) 556-7340;68600;3
In%;R<b?rts;Male;(959) 846-1300;61300;3
?%rl;St?v?ns;Female;(806) 918-6137;61300;3
T<m;S<t<;Male;(902) 557-7754;74300;5
H*ld%;<rt?g%;Male;(933) 511-1628;61300;3
K%th?r*n?;R*c?;Male;(684) 508-8573;61300;3
L%nd<n;Cl%yt<n;Male;(730) 334-9342;61300;3
L>l>;M%nn;Male;(880) 562-9804;61300;3
Fr?d?r*ck;B>rk?;Male;(973) 254-8867;29789;1
?ls*?;W%tk*ns;Male;(484) 366-9536;46500;4
R<s?;Gr%nt;Female;(635) 774-9490;74300;5
Br%nd<n;B?ll;Female;(520) 992-3536;68600;3
Ll<yd;Ph*ll*ps;Female;(200) 679-9881;27109;1
C<rn?l*%;R<dr*g>?z;Female;(556) 419-4302;74300;5
L>k?;L?<n%rd;Male;(848) 494-3058;74300;5
Br?tt;M%rt*n?z;Male;(889) 821-1823;68600;3
L>*s;>nd?rw<<d;Male;(269) 503-7861;83113;6
N%nn*?;W<<d;Male;(482) 380-2712;61300;3
J?%n?tt?;Br*ggs;Male;(616) 952-4876;46500;4
M%t*ld%;W*ls<n;Male;(985) 767-5812;82987;6
?ll%;M>n<z;Female;(700) 212-8085;46500;4
G?rtr>d?;L>c%s;Male;(423) 865-5463;61300;3
J>st*n;W%d?;Female;(408) 477-5720;68600;3
C<dy;W*ll*%ms;Male;(462) 709-6626;39570;2
N%nn*?;N%sh;Male;(431) 651-3664;46500;4
L?n<r%;C<ll*?r;Male;(411) 233-7055;74300;5
L?tt*?;B%ll%rd;Female;(284) 353-4190;46500;4
J<s?ph*n?;Fr??m%n;Male;(812) 273-8926;61300;3
?l*z%b?th;%rmstr<ng;Male;(951) 995-6238;89752;6
J<n;W%gn?r;Male;(708) 236-3270;61300;3
S?%n;C%rs<n;Male;(919) 979-9299;20882;1
M*k?;C%nn<n;Male;(367) 783-3930;68600;3
W*ll*?;R<g?rs;Male;(384) 836-3274;83479;6
M%rc;Sm*th;Male;(918) 538-8285;74300;5
M*tch?ll;W?bb;Female;(751) 867-7454;39570;2
C>rt*s;R?y?s;Female;(362) 583-4552;68600;3
V?rn%;Gr?g<ry;Male;(667) 586-4044;39570;2
R<y;S%nd?rs;Male;(705) 564-4780;61300;3
?th%n;L?<n%rd;Male;(379) 528-5367;46500;4
J?nn*?;D%v*ds<n;Male;(701) 293-9727;61300;3
%d%;H<pk*ns;Male;(788) 617-9476;74300;5
?ll%;Fr%nc*s;Female;(681) 360-4444;39570;2
Ph<?b?;M%nn;Female;(411) 857-2793;61300;3
R%ch?l;C>mm*ngs;Female;(885) 911-8798;46500;4
L?%h;B%rk?r;Female;(831) 311-3088;61300;3
R<s%l*?;C<l?;Female;(413) 348-6802;68600;3
S>s*?;B>tl?r;Male;(233) 732-3622;68600;3
L>cy;J?nn*ngs;Female;(213) 383-2571;61300;3
C%rl<s;R<s?;Female;(270) 774-8183;61300;3
Ch%rl*?;B%ldw*n;Female;(243) 882-4022;39570;2
?l?%n<r;P<rt?r;Female;(715) 391-2329;26983;1
L?<n%;M?nd?z;Female;(738) 240-5463;39570;2
H?st?r;R*<s;Female;(836) 952-8697;39570;2
Fr%nc*s;Kn*ght;Female;(229) 251-9952;61300;3
B?ss;H%rm<n;Male;(473) 476-4393;61300;3
K%t*?;S%nt*%g<;Female;(211) 721-7208;68600;3
Fr%nkl*n;D>nn;Female;(640) 264-3901;24746;1
L>l>;<w?n;Male;(904) 881-6796;68600;3
R>ss?ll;S<t<;Male;(309) 969-4843;22611;1
Ry%n;R<b?rs<n;Male;(767) 596-1708;80282;6
Ch%rl<tt?;J<s?ph;Female;(340) 533-6156;74300;5
G*lb?rt;W%lsh;Male;(270) 979-6211;61300;3
Fl<r%;B%rn?tt;Female;(225) 523-3613;74300;5
G?n?v*?v?;St?v?ns;Male;(961) 715-3944;74300;5
R<n%ld;D*x<n;Female;(687) 649-2331;74300;5
?th?l;B?nn?tt;Male;(475) 221-6640;24558;1
J*m;<rt?g%;Male;(782) 956-4301;61300;3
R<nn*?;C%rr;Female;(431) 674-6698;89706;6
M%rv*n;G<<dm%n;Male;(620) 230-4967;46500;4
%lv*n;McG>*r?;Female;(737) 518-7471;23250;1
Ch%d;P?t?rs;Female;(518) 840-8995;61300;3
%d?l?;W%ts<n;Female;(336) 241-1715;68600;3
H%tt*?;S%>nd?rs;Female;(345) 626-7376;68600;3
R<x*?;M*ll?r;Male;(418) 942-1439;25954;1
B?ss;K?lly;Male;(449) 469-9320;61300;3
T?r?s%;J%cks<n;Male;(976) 491-9885;39570;2
J>%n;Wh*t?;Female;(408) 233-9767;61300;3
C%r<lyn;N?wm%n;Male;(915) 990-3920;68600;3
K?v*n;St<k?s;Male;(703) 701-3802;80442;6
P<lly;Fl?m*ng;Female;(671) 918-4653;39570;2
L<g%n;B%nks;Male;(335) 219-5299;61300;3
%my;Sh?rm%n;Female;(304) 553-6690;74300;5
L*d%;Fr??m%n;Female;(228) 524-7817;88137;6
S%lly;Fr??m%n;Female;(709) 238-7700;61300;3
S>?;N<rr*s;Male;(726) 517-1550;74300;5
G<rd<n;S>mm?rs;Female;(811) 257-9838;61300;3
L<*s;McK?nz*?;Male;(337) 590-8446;74300;5
Br?tt;W%ts<n;Female;(660) 505-1417;68600;3
L<>*s;St?v?ns<n;Female;(450) 807-9265;61300;3
J%cks<n;M%rsh;Male;(262) 795-4303;61300;3
H?st?r;G<rd<n;Male;(409) 409-6173;85240;6
N?ll;C%s?y;Female;(373) 332-3997;39570;2
N*ch<l%s;B*sh<p;Female;(964) 593-9404;61300;3
B*rd*?;S*mm<ns;Female;(480) 674-6815;61300;3
K?*th;Br%dy;Female;(977) 420-1400;68600;3
%lb?rt%;S*ms;Male;(950) 661-8842;68600;3
R<s?;S>ll*v%n;Male;(766) 581-5109;61300;3
C%r<lyn;P*ttm%n;Male;(309) 970-2673;39570;2
Ir?n?;G>?rr?r<;Female;(327) 508-4278;61300;3
V*rg*?;Br*ggs;Male;(801) 653-6588;46500;4
Fr%nkl*n;J<hnst<n;Male;(544) 684-5805;68600;3
Is%b?ll?;L<g%n;Male;(504) 254-4626;61300;3
?%rl;H>nt?r;Female;(655) 718-5466;22477;1
M*k?;G>t*?rr?z;Female;(205) 730-6639;68600;3
H%rr*?tt;T>ck?r;Female;(428) 586-2298;46500;4
R<b?rt;Kn*ght;Male;(704) 295-4717;74300;5
?r*k;%rn<ld;Female;(339) 673-4384;74300;5
K?nn?th;H%rv?y;Male;(349) 407-4995;61300;3
L*ll*%n;D?%n;Male;(711) 217-4172;68600;3
<ph?l*%;H?rn%nd?z;Female;(208) 948-4955;61300;3
D<m*n*c;F*?lds;Male;(824) 842-8057;68600;3
Kyl?;R<b?rs<n;Male;(300) 770-8571;74300;5
M%rt*n;?ll*s;Male;(620) 505-1199;39570;2
H>nt?r;C<rt?z;Female;(302) 462-5138;46500;4
H>ld%;W<<d;Female;(621) 528-5984;74300;5
B*lly;%ndr?ws;Male;(817) 368-9924;39570;2
Sc<tt;R%m<s;Female;(489) 369-6876;39570;2
K?nn?th;My?rs;Male;(715) 589-3767;61300;3
R*c%rd<;W%ts<n;Male;(289) 755-2915;39570;2
L%wr?nc?;?ll*<tt;Female;(319) 783-3112;81856;6
C<ry;L>c%s;Male;(567) 603-5909;39570;2
M%tth?w;G<rd<n;Male;(928) 265-5202;46500;4
?l*z%;W*lk*ns;Male;(786) 368-1160;74300;5
L?*l%;M>rr%y;Female;(601) 792-7759;74300;5
G<rd<n;B>rk?;Male;(780) 227-6662;61300;3
M<ll*?;W<lf?;Male;(743) 706-7779;74300;5
G?<rg?;L<ng;Male;(868) 853-2218;74300;5
M%t*ld%;Fr%nk;Female;(923) 909-8231;74300;5
L?<n;R?y?s;Female;(650) 318-6376;61300;3
M*ch?%l;S%l%z%r;Male;(977) 596-6496;84109;6
R>ss?ll;R<y;Male;(810) 993-1473;61300;3
J>l*%n;Sch>ltz;Female;(300) 892-2100;29002;1
K?v*n;M%rsh%ll;Female;(471) 742-3781;74300;5
L?l*%;R?y?s;Male;(852) 865-6721;61300;3
Bry%n;T<wns?nd;Female;(311) 561-2843;61300;3
B<bby;G*lb?rt;Female;(977) 911-7541;84596;6
S>s%n;M%s<n;Male;(483) 979-4172;74300;5
?>g?n?;B%ss;Male;(889) 369-9825;61300;3
%l?x;Gl<v?r;Female;(440) 567-1536;46500;4
D%n*?l;M%rsh%ll;Male;(801) 925-3691;61300;3
M%b?ll?;G%rz%;Female;(612) 263-8736;39570;2
Z%ch%ry;T<dd;Female;(520) 337-7201;68600;3
Br%dl?y;Ph*ll*ps;Female;(577) 537-2896;68600;3
Gr%c?;Sch>ltz;Male;(537) 584-4874;61300;3
L<>;McK*nn?y;Male;(965) 680-3920;74300;5
M%y;M%l<n?;Male;(950) 273-7009;74300;5
M%r*?;D>nc%n;Male;(467) 371-4311;83230;6
%l?j%ndr<;R<s?;Female;(768) 424-7999;46500;4
S%r%;Sc<tt;Male;(520) 480-8557;46500;4
W*nn*?;F<rd;Male;(954) 651-7571;39570;2
?r*k;L??;Female;(277) 372-8090;74300;5
R<s?;St?v?ns;Male;(630) 776-3897;68600;3
L%wr?nc?;Sp?nc?r;Female;(316) 318-9561;74300;5
<l*v?;H<dg?s;Female;(703) 684-1759;61300;3
G>ss*?;P<rt?r;Male;(567) 589-6648;74300;5
J?r<m?;H%ns?n;Female;(777) 996-6034;88671;6
R<s*?;Ng>y?n;Female;(513) 983-7979;80923;6
L?st?r;%ll?n;Male;(572) 350-7206;68600;3
%ndr?;Ry%n;Male;(739) 234-2742;39570;2
D?v*n;C<bb;Female;(628) 360-4387;68600;3
L%rry;D%v*s;Female;(525) 480-3701;61300;3
?ll?n;?v%ns;Male;(366) 379-3251;61300;3
J>st*n;S%nt<s;Female;(476) 858-1317;61300;3
L>*s;C<l<n;Female;(334) 462-3476;74300;5
R%ch?l;R%ms?y;Female;(831) 994-5196;88328;6
B*rd*?;Gr??r;Male;(575) 932-6491;61300;3
M*tch?ll;H%ll;Male;(248) 849-3970;26098;1
M*n%;R?y?s;Female;(578) 257-1687;39570;2
Bl%nch?;H%rm<n;Female;(901) 814-6955;68600;3
Myrt*?;H?rn%nd?z;Female;(427) 303-9452;39570;2
Ph<?b?;H%rm<n;Female;(965) 915-3645;84117;6
Is%%c;Fl<yd;Female;(982) 223-3436;61300;3
Tyl?r;N?wt<n;Male;(839) 951-6989;74300;5
%ll*?;H%ll;Female;(686) 761-9332;61300;3
L?<n%;M<rr*s;Female;(404) 753-7934;61300;3
V*<l?t;M?nd<z%;Male;(547) 835-8743;74300;5
D%v*d;?dw%rds;Male;(313) 438-8622;61300;3
Th?<d<r?;%rn<ld;Male;(932) 727-5166;61300;3
W?sl?y;C%*n;Male;(522) 830-2453;74300;5
D<ll*?;L<g%n;Male;(738) 459-1647;39570;2
P%>l*n?;N*ch<ls;Male;(440) 672-6693;28291;1
%lt%;B<wm%n;Female;(485) 602-9503;82960;6
S%ll*?;?r*cks<n;Male;(671) 535-7437;68600;3
?th?l;C%rp?nt?r;Male;(568) 206-9665;39570;2
D>st*n;M?nd<z%;Male;(975) 297-1178;39570;2
Bry%n;B?rry;Female;(701) 277-9375;24866;1
L>k?;W*s?;Female;(344) 274-3433;82778;6
%lb?rt%;M%ld<n%d<;Male;(458) 537-9769;74300;5
L<>;B<wm%n;Male;(871) 506-2979;22460;1
Bl%k?;My?rs;Male;(466) 795-2552;61300;3
Myrt*?;B%ss;Male;(922) 976-4692;61300;3
%lt%;<sb<rn?;Male;(446) 444-2167;68600;3
H<w%rd;B>tl?r;Male;(827) 210-6110;46500;4
L>c*l?;L<w?;Male;(475) 982-6241;61300;3
M*ll*?;S*m<n;Male;(463) 980-6897;61300;3
L>l%;R%ms?y;Female;(206) 350-9749;74300;5
L%rry;B%*l?y;Male;(614) 611-8101;61300;3
Bry%n;H%ns<n;Male;(769) 413-9211;46500;4
R<s%;H%mm<nd;Male;(431) 968-7880;83889;6
H?rb?rt;W*ll*%ms<n;Male;(204) 993-2502;74300;5
G?n?;K*ng;Female;(300) 212-8753;39570;2
Ph*l*p;M%nn;Male;(343) 955-5168;61300;3
?dd*?;R*l?y;Male;(557) 948-6938;68600;3
N%ncy;P?t?rs;Female;(581) 599-5403;39570;2
M%rv*n;Gr*ff*n;Male;(976) 749-6559;82662;6
L?l*%;N?wt<n;Male;(567) 947-7299;88754;6
L?n%;St?ph?ns;Female;(705) 987-1139;61300;3
B?rn*c?;M*ll?r;Female;(839) 676-2876;74300;5
N%th%n*?l;McG??;Female;(523) 711-7471;46500;4
?>l%;Br<ck;Male;(681) 500-2414;61300;3
W?sl?y;H%rv?y;Male;(484) 271-5751;39570;2
P?%rl;Ph?lps;Male;(417) 533-7605;68600;3
L?<;S%nt*%g<;Female;(470) 492-4356;68600;3
M%th*ld%;W%ll%c?;Male;(734) 830-6730;27949;1
D<ll*?;L%wr?nc?;Male;(654) 294-1274;74300;5
N%th%n*?l;Kl?*n;Male;(639) 850-7133;39570;2
I%n;<br*?n;Male;(483) 295-2386;25813;1
Myr%;R%ms?y;Male;(311) 869-5570;74300;5
%d?l%*d?;P%tt<n;Male;(531) 349-8218;39570;2
R<s?tt%;K?nn?dy;Male;(463) 367-8113;61300;3
R*cky;Br%dl?y;Male;(673) 774-8433;74300;5
L>c%s;Bl%*r;Male;(202) 678-4182;61300;3
R>th;McC<y;Male;(344) 727-2388;68600;3
St?ph?n;Th<m%s;Female;(739) 492-2941;74300;5
Dyl%n;S*mm<ns;Male;(213) 264-1016;61300;3
N%th%n;T<wns?nd;Male;(543) 322-9257;23032;1
V?rn%;B<<n?;Male;(621) 672-9042;61300;3
D%nny;M%rt*n?z;Female;(210) 229-2850;83292;6
H<w%rd;P%rs<ns;Female;(253) 419-8648;80799;6
%bb*?;C%rr;Male;(731) 949-2578;39570;2
L?*l%;G%rc*%;Male;(821) 818-1728;68600;3
%nt<n*<;Cl%yt<n;Male;(444) 428-7856;46500;4
Myrt*?;Chr*st?ns?n;Male;(201) 815-5581;74300;5
?dg%r;Sh?rm%n;Female;(217) 754-3298;61300;3
G<rd<n;D?lg%d<;Male;(659) 436-2788;68600;3
M%r*<;Fl<yd;Female;(931) 759-3115;61300;3
M%th*ld%;W%ll%c?;Male;(662) 678-2132;61300;3
W%lt?r;T<rr?s;Female;(979) 908-6280;85193;6
?ll?n;Fl?m*ng;Female;(849) 650-4272;61300;3
J?%n?tt?;S*m<n;Female;(436) 221-3013;68600;3
B?nj%m*n;Bry%n;Female;(319) 748-7433;68600;3
J?ff;J?ns?n;Female;(239) 558-1449;39570;2
L<>*s?;F*tzg?r%ld;Female;(203) 440-6825;39570;2
D%*sy;%lv%r?z;Female;(363) 348-4285;46500;4
P%>l*n?;T<rr?s;Male;(855) 302-2526;82153;6
G>ss*?;R*ch%rds;Male;(481) 271-7371;26564;1
M%b?l;H<g%n;Female;(684) 644-5915;24990;1
L?<;W?lls;Female;(867) 466-9344;61300;3
J?ffr?y;C<bb;Female;(205) 423-8184;61300;3
B?%tr*c?;Ch%mb?rs;Male;(684) 415-6589;61300;3
L*ly;McC<y;Male;(839) 602-8777;61300;3
<r%;H?rn%nd?z;Female;(382) 935-1145;74300;5
L%wr?nc?;B?ck;Female;(252) 517-1303;39570;2
M*ll*?;Str*ckl%nd;Male;(348) 805-3803;74300;5
J%c<b;Y%t?s;Male;(341) 304-1104;46500;4
T*m<thy;Cr<ss;Male;(215) 909-8731;24253;1
L?w*s;C%rr;Male;(554) 944-4769;61300;3
L<>*s%;C%rp?nt?r;Male;(948) 773-1173;46500;4
<sc%r;B>tl?r;Female;(227) 789-6907;46500;4
M%rt*n;?str%d%;Female;(303) 474-8578;74300;5
L?st?r;?ll*s;Female;(982) 792-5113;61300;3
H%nn%h;P<w?rs;Female;(613) 578-5248;61300;3
St?v?n;Gr%h%m;Male;(308) 791-4822;61300;3
M*ch%?l;Fr?nch;Male;(913) 814-2522;46500;4
M%>d;J<hns<n;Male;(447) 468-8376;61300;3
L*d%;N?ls<n;Male;(579) 357-6328;81364;6
S%lly;B%rk?r;Female;(258) 307-7862;61300;3
J%c<b;Gr%y;Female;(429) 975-8002;68600;3
S%r%;L??;Female;(572) 762-3868;74300;5
D%n*?l;P%rs<ns;Female;(954) 785-1716;61300;3
Gr?g<ry;Fr%nk;Male;(944) 313-7439;74300;5
B%rb%r%;N<rm%n;Male;(873) 338-3826;61300;3
K%t*?;T<wns?nd;Female;(360) 792-6860;74300;5
Br?tt;W?lch;Female;(608) 967-1911;61300;3
D%v*d;R??d;Female;(949) 387-7338;25136;1
M%r*%;C<x;Male;(845) 552-3938;74300;5
R<s?;N?wm%n;Female;(205) 342-7191;74300;5
T<dd;<w?ns;Male;(542) 336-6195;61300;3
?>l%;W*ll*%ms;Male;(438) 850-5451;74300;5
R<x*?;Cl%rk?;Female;(968) 739-7049;74300;5
Sylv*%;Y<>ng;Female;(864) 866-5091;46500;4
D<r%;M?nd?z;Female;(600) 824-9055;89234;6
J%ck;R*<s;Male;(832) 500-4449;74300;5
Ch%d;L%mb?rt;Male;(773) 994-3316;82051;6
Chr*st*%n;Br<ck;Male;(952) 451-3438;74300;5
D?rr*ck;P%lm?r;Male;(484) 802-9302;74300;5
B*rd*?;<ls<n;Female;(916) 290-6154;74300;5
H<w%rd;R*l?y;Female;(337) 776-6710;26471;1
T<m;M<r%l?s;Female;(532) 397-3660;46500;4
W*ll*?;S%nd?rs;Male;(276) 208-7965;61300;3
R?n%;P*ttm%n;Female;(935) 271-5322;39570;2
Gl?n;Th<rnt<n;Male;(837) 279-1563;68600;3
J?%n?tt?;R<dr*g>?z;Female;(789) 972-5553;74300;5
Sh%n?;Bry%n;Male;(380) 337-2951;46500;4
D?nn*s;S*lv%;Female;(766) 901-3273;39570;2
In%;R%m<s;Female;(503) 690-6455;20585;1
M%rc>s;R?y?s;Female;(934) 894-1768;61300;3
Bry%n;P%rks;Male;(375) 463-8310;68600;3
Ch?st?r;G*bs<n;Female;(275) 470-3625;61300;3
M*g>?l;%rmstr<ng;Female;(828) 322-5955;23857;1
N<r%;H%ns?n;Female;(688) 386-2174;61300;3
M?lv*n;R<m?r<;Female;(684) 969-9085;61300;3
S<ph*%;?ll*<tt;Male;(710) 246-2802;74300;5
C<r%;B<yd;Male;(373) 586-2382;20649;1
Cl%>d*%;H%rm<n;Female;(821) 666-6853;82667;6
?m*ly;R*l?y;Male;(753) 309-7555;61300;3
S%m>?l;R<b?rts;Female;(366) 419-5626;29744;1
M%?;Fr??m%n;Female;(763) 898-7567;61300;3
Ir?n?;Fl<r?s;Female;(233) 933-4480;61300;3
M%tt*?;G*ll;Male;(914) 695-7625;39570;2
H?rm%n;M<rg%n;Male;(701) 456-9833;74300;5
J<n;R<ss;Male;(817) 937-9407;39570;2
L>c*nd%;N>n?z;Female;(554) 780-1902;46500;4
M%r*<n;R<bb*ns;Male;(416) 877-8441;74300;5
Sh%wn;St??l?;Male;(769) 506-8797;39570;2
Bl%nch?;R??v?s;Female;(530) 528-1581;74300;5
N*n%;T<dd;Female;(314) 528-1128;61300;3
%nn?;C%str<;Male;(474) 582-8145;61300;3
N?ll;Fl<yd;Male;(429) 807-2968;39570;2
R<b?rt;T%yl<r;Female;(985) 813-5138;61300;3
?dw%rd;C%rt?r;Male;(550) 854-3119;74300;5
M%rc;J?ff?rs<n;Male;(957) 699-2642;74300;5
M%n>?l;H%rp?r;Male;(301) 779-5538;68600;3
R>by;Y<>ng;Male;(564) 454-9262;46500;4
B%rry;St%nl?y;Male;(653) 921-7616;68600;3
B%rb%r%;McG??;Female;(464) 397-1189;61300;3
S%lly;Fr%z*?r;Male;(439) 561-5188;46500;4
N?tt*?;P?t?rs<n;Female;(911) 609-6055;87143;6
F%nny;McD<n%ld;Male;(882) 509-1848;74300;5
R%y;St?v?ns;Female;(289) 833-9086;74300;5
V*ct<r*%;C<l<n;Male;(725) 634-1084;61300;3
M*tt*?;W?lch;Male;(958) 361-1343;74300;5
H?rb?rt;S%nd?rs;Male;(321) 646-1247;74300;5
?r*c;H<pk*ns;Male;(384) 396-7290;74300;5
Ch%rl*?;J*m?n?z;Male;(887) 763-7612;82942;6
D>%n?;G*bs<n;Female;(932) 740-8236;61300;3
B*ll;L%mb?rt;Female;(576) 353-7398;61300;3
?ln<r%;S>ll*v%n;Male;(371) 865-4968;61300;3
M*nn*?;M%tth?ws;Male;(744) 456-1941;68600;3
B?rth%;M%nn*ng;Female;(234) 693-7541;46500;4
<r%;P%g?;Female;(452) 757-9238;82964;6
J<n;Br<wn;Female;(705) 935-7122;74300;5
?v%n;H%rr*s<n;Female;(479) 919-3645;46500;4
B?%tr*c?;M%rt*n?z;Female;(412) 267-7016;61300;3
L>l>;Y<>ng;Male;(442) 736-4091;26062;1
M%rg>?r*t?;R<dr*g>?z;Male;(978) 545-5300;46500;4
J>%n;R>*z;Female;(339) 457-7773;68600;3
Kyl?;R?*d;Female;(512) 939-4028;68600;3
S%d*?;H%rm<n;Female;(558) 837-6644;83983;6
?st?ll%;H*gg*ns;Female;(480) 740-1596;61300;3
<ph?l*%;Fl<yd;Male;(745) 303-2569;25626;1
C<rd?l*%;D?nn*s;Male;(347) 220-4784;74300;5
Ch%rl*?;C%rs<n;Female;(482) 362-7670;61300;3
%l?x%nd?r;?r*cks<n;Female;(845) 560-2466;61300;3
C%th?r*n?;J*m?n?z;Female;(452) 763-9628;68600;3
Myr%;M>rr%y;Female;(285) 266-7182;61300;3
S<ph*?;<sb<rn?;Female;(766) 795-7249;68600;3
Tr%v*s;Fl<yd;Male;(660) 866-5435;61300;3
L*ll*%n;S%nch?z;Male;(487) 247-3399;74300;5
N?ll;W?bst?r;Female;(968) 647-4520;39570;2
S%d*?;F*tzg?r%ld;Female;(585) 875-1578;39570;2
J%n*?;Sh?lt<n;Female;(229) 880-7088;80829;6
D?nn*s;N?ls<n;Male;(652) 526-3078;22280;1
M%r*<;Cl%rk;Female;(281) 502-8598;39570;2
L?<n;%lv%r?z;Female;(307) 485-3027;74300;5
M%ym?;Sp%rks;Female;(536) 575-9899;81500;6
M*ll*?;B%rb?r;Female;(520) 561-7682;61300;3
%d?l?;S*mps<n;Female;(540) 881-2538;39570;2
J?ff;J<rd%n;Female;(426) 774-1488;26375;1
K%thryn;B?ll;Male;(949) 739-6455;74300;5
Br%dl?y;<rt?g%;Male;(633) 216-3455;28433;1
T*ll*?;Sm*th;Male;(471) 659-6682;46500;4
C%l?b;J?ff?rs<n;Male;(504) 336-4806;24103;1
D>st*n;C<p?l%nd;Male;(962) 678-9443;74300;5
N?tt*?;W<lf?;Female;(569) 421-8415;39570;2
M%b?ll?;B%ldw*n;Male;(272) 461-9148;80979;6
L?l*%;P%rk?r;Female;(461) 229-4329;74300;5
B?rt*?;W?bst?r;Female;(344) 639-4133;20945;1
%*d?n;Fl<r?s;Male;(721) 457-7525;61300;3
R<s?tt%;R??s?;Female;(369) 703-8136;81168;6
Chr*st*%n;S%nd?rs;Female;(405) 207-8189;46500;4
S>s*?;Ry%n;Male;(436) 572-8071;26993;1
%*d?n;%>st*n;Female;(232) 911-9175;61300;3
R>th;B%*l?y;Female;(654) 270-9355;61300;3
J?r<m?;Bl%k?;Female;(803) 478-6012;61300;3
Fl<r%;C%rls<n;Male;(537) 455-1920;61300;3
C%th?r*n?;Cl%rk?;Male;(280) 797-3083;61300;3
T<dd;M%ld<n%d<;Male;(326) 393-7500;46500;4
M%rg>?r*t?;L*ttl?;Female;(910) 634-8528;74300;5
%d%;W?lch;Male;(412) 681-5790;61300;3
J?r?m*%h;P%rk;Female;(480) 204-7491;61300;3
St?ph?n;B%t?s;Male;(715) 449-3234;24988;1
W*n*fr?d;W*ll*%ms;Female;(703) 454-5505;61300;3
L<tt*?;B?ck?r;Male;(204) 547-1161;61300;3
%nn;S>tt<n;Male;(415) 443-4890;68600;3
H?l?n%;L??;Male;(706) 453-1931;39570;2
%nt<n*<;S%>nd?rs;Male;(907) 702-4015;74300;5
L?<n%;Bry%nt;Female;(227) 930-9173;39570;2
%ll*?;%ll*s<n;Male;(472) 980-6152;25073;1
M*ll*?;C<nn?r;Female;(266) 889-5198;68600;3
D<r<thy;D<yl?;Male;(330) 935-6019;68600;3
R<s?;K*m;Male;(629) 408-6801;21129;1
%lm%;G?<rg?;Female;(372) 303-8192;61300;3
M?lv*n;R<b?rts<n;Female;(342) 445-1049;61300;3
V*<l?t;B>rt<n;Female;(949) 569-2861;46500;4
C>rt*s;C<p?l%nd;Female;(245) 938-7367;85042;6
L*ll*?;%ll*s<n;Female;(804) 381-9386;61300;3
Ph*l*p;Y%t?s;Male;(864) 719-4174;61300;3
J<?l;S>ll*v%n;Male;(351) 505-1036;82936;6
R<s?tt%;L>c%s;Female;(573) 440-1013;61300;3
%nn;H%rm<n;Male;(931) 622-1049;74300;5
%bb*?;%dk*ns;Male;(803) 828-8903;46500;4
V*ct<r;B?nn?tt;Female;(618) 511-2517;46500;4
C%ll*?;St<n?;Male;(719) 559-3990;23339;1
S%r%;B>rt<n;Female;(573) 652-7309;61300;3
L?tt*?;M%rsh;Male;(826) 938-2670;46500;4
H<w%rd;%rmstr<ng;Male;(318) 695-7926;61300;3
Is%%c;Fl<yd;Female;(743) 303-7887;61300;3
M*k?;H%ll;Male;(776) 534-6062;68600;3
%l?x;Sh%w;Female;(431) 857-1640;86221;6
Chr*st*%n;T>rn?r;Female;(453) 943-6453;61300;3
%d?l*n?;McD<n%ld;Female;(265) 563-9788;86347;6
Sylv*%;L??;Female;(833) 712-4122;74300;5
L<l%;G*ll;Male;(925) 499-7424;61300;3
<w?n;P<<l?;Male;(825) 471-9019;61300;3
%l?x%nd?r;B>ch%n%n;Female;(327) 954-4367;61300;3
Cl%r%;L%mb;Female;(730) 499-9123;39570;2
J%ck;S>mm?rs;Female;(547) 519-5812;46500;4
J%m?s;St?v?ns;Female;(337) 727-7536;61300;3
B?tty;P?rry;Female;(502) 896-1761;39570;2
F%nn*?;S%nd?rs;Male;(307) 863-4933;46500;4
?mm%;W*ll*s;Female;(970) 650-4475;61300;3
Ch%rl<tt?;D?%n;Female;(844) 812-1248;68600;3
N*n%;M*tch?ll;Male;(619) 789-7110;46500;4
W*ll*?;M?d*n%;Female;(474) 299-3722;28827;1
J<s?ph*n?;S<t<;Male;(256) 248-3421;46500;4
D<r%;D?%n;Male;(655) 220-4823;46500;4
L<>*s%;Cr%*g;Male;(244) 714-7173;74300;5
J?ss?;J<s?ph;Female;(866) 873-4628;61300;3
M*ll*?;Gl<v?r;Female;(541) 424-4961;74300;5
R<nn*?;G*bs<n;Male;(341) 580-1372;74300;5
%d?l%*d?;K?nn?dy;Male;(282) 926-1808;74300;5
?>g?n*%;H>ff;Female;(866) 278-5080;82505;6
C%th?r*n?;B%ll;Male;(728) 355-9310;84400;6
J%yd?n;P<w?ll;Male;(881) 219-7951;68600;3
J?r<m?;W%ll%c?;Male;(204) 618-2211;46500;4
R<y;Schn?*d?r;Female;(405) 938-9995;82003;6
M%r*%;L<w?;Male;(834) 205-1852;22851;1
R>ss?ll;L*ttl?;Female;(629) 382-5726;26961;1
R<g?r;N?ls<n;Female;(949) 354-2895;61300;3
L<>;<sb<rn?;Male;(446) 246-2443;61300;3
V*<l%;R<w?;Female;(716) 564-8363;61300;3
G?n?;W*lk*ns;Male;(283) 393-6077;74300;5
J%ck;L%mb;Male;(717) 341-2738;61300;3
Br%nd<n;G<<dm%n;Female;(343) 862-2973;68600;3
M%r*?;R?y?s;Female;(575) 354-9381;26118;1
<l%;W%d?;Male;(852) 884-3695;68600;3
H>ld%;D%ws<n;Female;(944) 944-7082;68600;3
J%n?;G>zm%n;Female;(264) 951-4944;26941;1
W*n*fr?d;P?r?z;Male;(383) 525-5475;61300;3
W*ll*?;W*s?;Female;(423) 743-8750;39570;2
C%rl;<rt*z;Male;(581) 579-5441;21100;1
St?v?n;Sp?nc?r;Female;(551) 488-9669;39570;2
B?tty;Sp?nc?r;Male;(545) 391-6320;46500;4
Fr%nk;M%l<n?;Female;(735) 438-5780;74300;5
J?nn*?;H*n?s;Male;(605) 230-4385;61300;3
R%lph;R>ss?ll;Female;(557) 335-3786;61300;3
V*<l?t;Fl<yd;Male;(416) 903-1220;24539;1
<l%;L?<n%rd;Male;(236) 227-4414;80945;6
Is%*%h;S*m<n;Female;(516) 830-5831;39570;2
M%gg*?;N>n?z;Male;(788) 213-4254;74300;5
B?tty;St%nl?y;Female;(713) 462-9077;46500;4
V*nc?nt;M*ll?r;Male;(345) 488-3888;61300;3
R<s?;H%ll;Female;(434) 538-9037;26767;1
J<rg?;McC<rm*ck;Female;(785) 557-4449;74300;5
V?rn<n;P*ttm%n;Female;(405) 349-8358;83772;6
K?nn?th;Ch%v?z;Female;(278) 948-2723;87831;6
N<%h;B%nks;Male;(530) 727-9467;74300;5
%l%n;P<<l?;Male;(517) 225-2025;74300;5
G%rr?tt;R<dr*q>?z;Male;(237) 724-6715;82232;6
V?r%;C%st*ll<;Male;(768) 622-7844;27790;1
S?%n;D>nc%n;Male;(965) 679-1950;61300;3
H%rry;P?rk*ns;Male;(327) 746-5952;46500;4
%nn?;B>rt<n;Male;(475) 776-3860;61300;3
Ch%rl?s;P?r?z;Female;(336) 637-3132;25399;1
T<mmy;W%ll%c?;Male;(421) 506-1326;24132;1
%d%m;Sh%w;Male;(478) 764-3741;61300;3
%d?l?;C%rs<n;Female;(689) 410-2097;61300;3
M%rc;G?<rg?;Female;(729) 371-8432;39570;2
S<ph*?;T<rr?s;Female;(666) 943-3819;61300;3
G?n?v*?v?;R*l?y;Female;(524) 691-7627;61300;3
M*n%;S*ngl?t<n;Female;(452) 647-2242;23293;1
M%rc;Gr??r;Male;(863) 677-1150;61300;3
R<x*?;P%g?;Female;(686) 233-5534;61300;3
L?tt*?;B>sh;Female;(570) 596-6561;74300;5
B?rt*?;Kn*ght;Female;(705) 397-3968;61300;3
G?<rg?;B?ck;Female;(768) 691-1840;74300;5
J<n%th%n;B%nks;Male;(424) 723-5806;74300;5
Cl%r%;H%ns<n;Female;(958) 796-5944;74300;5
J?ff;P<tt?r;Male;(347) 759-3496;26184;1
M%tth?w;W%d?;Male;(909) 486-4584;46500;4
J?nn*?;P<w?ll;Female;(365) 468-3641;61300;3
Fr%nk;McG??;Female;(537) 776-9337;68600;3
?dd*?;F<st?r;Female;(818) 720-2685;46500;4
Sylv*%;W?lch;Female;(639) 815-3775;61300;3
C%r<l*n?;Br%dy;Female;(822) 716-5209;28233;1
J%n*?;C%nn<n;Female;(724) 824-9326;39570;2
Ch%d;P%>l;Female;(973) 526-4577;61300;3
Lyd*%;B%rr?tt;Female;(541) 714-6372;61300;3
J<s?ph*n?;L%rs<n;Male;(648) 477-4745;39570;2
N?ll?;S%nd<v%l;Male;(310) 561-3739;46500;4
%d%;B%*l?y;Male;(914) 925-3391;39570;2
L?n<r%;Sp%rks;Male;(508) 337-1868;61300;3
N<rm%n;L*nds?y;Female;(511) 867-7036;74300;5
%ll*?;H*gg*ns;Female;(944) 951-3397;61300;3
H%ll*?;B?nn?tt;Female;(201) 871-7249;74300;5
D%rr?ll;W<lf?;Female;(529) 994-5749;29025;1
